name,위도,경도,전기차등록수,X500m충전소,X500m생활근린시설,주민등록세대,면수
갑곳 공영주차장,37.741713,126.505053,0.157349896,0.2421875,0.028064993,0.142100754,90
강화역사관주차장,37.736048,126.5142592,0.157349896,0.326388889,0.016248154,0.142100754,88
강화읍 갑곳 제1공영주차장,37.73840542,126.5074697,0.157349896,0.191666667,0.020679468,0.142100754,119
강화읍 갑곳 제2공영주차장,37.74232092,126.4986252,0.157349896,0.2421875,0.042836041,0.142100754,34
강화읍 신문 제1공영주차장,37.74236799,126.4800651,0.157349896,0.494791667,0.032496307,0.142100754,59
강화종합전시관(구.토산품센터)주차장,37.74190934,126.4883684,0.157349896,0.081439394,0.051698671,0.142100754,78
강화평화전망대주차장,37.826436,126.4330222,0.157349896,1,0,0.006235692,71
고인돌주차장,37.774084,126.4367956,0.157349896,1,0.004431315,0.021375504,80
관청 제1공영주차장,37.751756,126.479978,0.157349896,0.191666667,0.127031019,0.142100754,75
관청 제2공영주차장,37.751513,126.481225,0.157349896,0.157986111,0.171344165,0.142100754,24
관청리주차장,37.747746,126.4829846,0.157349896,0.133928571,0.29689808,0.142100754,72
광성보주차장,37.664244,126.5249234,0.157349896,0.326388889,0,0.029226297,75
남문 공영주차장,37.74508761,126.4864718,0.157349896,0.090625,0.202363368,0.142100754,164
남산리(구.풍물시장)주차장,37.739364,126.4896322,0.157349896,0.061755952,0.022156573,0.142100754,82
대룡리공영주차장,37.782286,126.2788001,0.157349896,0.191666667,0.039881832,0.013988175,28
덕진진주차장,37.648966,126.5236201,0.157349896,1,0.001477105,0.029226297,45
동막해변 공영주차장,37.594553,126.455815,0.157349896,0.133928571,0.011816839,0.026501692,94
동막해수욕장주차장,37.592743,126.4581114,0.157349896,0.133928571,0.011816839,0.026501692,68
동문안 공영주차장,37.74786849,126.4891837,0.157349896,0.101851852,0.163958641,0.142100754,15
마니산주차장,37.63480074,126.4226774,0.157349896,0.326388889,0.047267356,0.026501692,450
매음 제1공영주차장,37.685405,126.316163,0.157349896,0.326388889,0.00295421,0.009058607,151
석포리 선착장주차장,37.692933,126.3666379,0.157349896,1,0.007385524,0.009058607,97
선원면 창리 제1공영주차장,37.72297541,126.4787526,0.157349896,0.494791667,0.008862629,0.04301785,175
신문 공영주차장,37.743811,126.480539,0.157349896,0.326388889,0.131462334,0.142100754,26
신문리공영주차장,37.7465337,126.4791545,0.157349896,0.157986111,0.215657312,0.142100754,80
신문리주차장,37.746913,126.4820872,0.157349896,0.157986111,0.292466765,0.142100754,89
온수리 제2공영주차장,37.639165,126.4922173,0.157349896,0.2421875,0.082717873,0.043270649,56
온수리 주차장,37.641116,126.4891856,0.157349896,0.326388889,0.084194978,0.043270649,70
용흥궁공원주차장,37.74883921,126.4867424,0.157349896,0.157986111,0.248153619,0.142100754,80
중앙로주차장,37.746037,126.4869767,0.157349896,0.073784722,0.223042836,0.142100754,120
창리 제2공영주차장,37.722351,126.484017,0.157349896,0.494791667,0.010339734,0.04301785,81
초지진주차장,37.6326099,126.5322629,0.157349896,0.326388889,0.011816839,0.043270649,34
풍물시장주차장,37.741421,126.4928674,0.157349896,0.101851852,0.048744461,0.142100754,264
함허동천주차장,37.624269,126.3802477,0.157349896,1,0.017725258,0.026501692,285
화문석문화관주차장,37.748163,126.4827979,0.157349896,0.133928571,0.276218612,0.015519009,12
경인교대 환승,37.538426,126.72206,1,0.049019608,0.311669129,0.493364044,84
계산동 302-1,37.536733,126.728975,1,0.025669643,0.177252585,0.493364044,33
계산동 957-12,37.539281,126.723455,1,0.049019608,0.326440177,0.493364044,19
계산동 959-10,37.54015346,126.7248385,1,0.035511364,0.342688331,0.493364044,15
계산동 964-10,37.538334,126.72642,1,0.073784722,0.295420975,0.493364044,20
계산복개천(상),37.54304313,126.7191428,1,0.040104167,0.144756278,0.493364044,102
계산복개천(시장전용),37.53945561,126.7230635,1,0.049019608,0.332348597,0.493364044,28
계산체육공원지하,37.545044,126.728997,1,0.133928571,0.11521418,0.493364044,215
계산택지1,37.54098745,126.7367574,1,0.005880376,0.059084195,0.493364044,191
계산택지2,37.53630167,126.7373565,1,0.006147541,0.047267356,0.493364044,148
계산택지3,37.53744173,126.7377592,1,0.004017857,0.032496307,0.493364044,155
계산택지4,37.53188825,126.7350489,1,0.021158854,0.069423929,0.27820457,142
계양IC 화물공영차고지,37.540623,126.752358,1,1,0,0.493364044,437
계양대로140번길,37.53661058,126.7235594,1,0.2421875,0.317577548,0.493364044,26
계양산,37.547302,126.726598,1,0.326388889,0.075332349,0.493364044,179
계양산 전통시장(노상),37.548134,126.740569,1,0.016891892,0.096011817,0.473870483,28
계양여성회관,37.529274,126.718098,1,0.081439394,0.079763663,0.322177436,44
고양골1,37.540976,126.717459,1,0.042763158,0.11521418,0.493364044,11
굴재공원,37.568414,126.749062,1,0.012547348,0.033973412,0.473870483,17
마장로,37.529013,126.705403,1,1,0.075332349,0.322177436,18
명현쌈지,37.531769,126.711833,1,0.101851852,0.0605613,0.322177436,13
모텡이공원,37.561891,126.754894,1,0.081439394,0.020679468,0.473870483,30
목수천,37.52475605,126.73343,1,0.01108156,0.064992614,0.27820457,70
문화회관 부설,37.54607851,126.7181298,1,0.042763158,0.075332349,0.493364044,142
병방동 양촌,37.54844958,126.7449177,1,0.073784722,0.048744461,0.473870483,29
병방화물,37.552373,126.748015,1,0.073784722,0.039881832,0.473870483,5
봉오대로(구 봉오대로691번길),37.531354,126.725531,1,0.073784722,0.183161004,0.27820457,4
봉오대로894번길,37.528412,126.747943,1,0.115885417,0.056129985,0.191199809,25
살나리공원,37.536257,126.746095,1,0.052734375,0.007385524,0.191199809,20
샘터공원,37.568264,126.745122,1,0.014227642,0.033973412,0.473870483,5
샛별(구 평화의길),37.53147831,126.710496,1,0.073784722,0.070901034,0.322177436,41
서녁공원,37.5605467,126.7579285,1,0.081439394,0.023633678,0.473870483,17
서운동공영차고지,37.526552,126.751712,1,1,0.062038405,0.191199809,131
서운산업단지 주차장,37.535231,126.753901,1,0.2421875,0,0.191199809,127
안골공원,37.57016,126.746569,1,0.040104167,0.035450517,0.473870483,10
안남로573번길,37.534364,126.709316,1,0.073784722,0.033973412,0.322177436,16
양지말공원,37.563413,126.7543385,1,0.061755952,0.013293944,0.473870483,14
양지말공원,37.563413,126.753408,1,0.013081395,0.014771049,0.473870483,14
욕은지길1,37.543217,126.724937,1,0.040104167,0.261447563,0.493364044,10
욕은지길2,37.542892,126.725003,1,0.037698413,0.271787297,0.493364044,13
용종,37.54271086,126.7427195,1,0.007309942,0.023633678,0.493364044,37
임학,37.54877048,126.735162,1,0.326388889,0.143279173,0.473870483,65
임학골(구 학산길),37.54507474,126.7328305,1,0.2421875,0.155096012,0.473870483,12
임학공원,37.548351,126.7334118,1,1,0.132939439,0.473870483,21
작전동 71-5,37.53373176,126.7307032,1,0.023263889,0.094534712,0.27820457,7
작전동 852-7,37.53627094,126.7222173,1,0.157986111,0.274741507,0.27820457,14
작전동 854-1,37.534065,126.723037,1,0.191666667,0.196454948,0.27820457,15
작전동 94-1,37.531843,126.730741,1,0.191666667,0.107828656,0.27820457,11
작전역 환승 동쪽(남측),37.53004219,126.7238831,1,0.067307692,0.169867061,0.27820457,93
작전역 환승 동쪽(북측),37.53067988,126.7239826,1,0.073784722,0.169867061,0.27820457,123
작전역 환승 서쪽(남측),37.53009577,126.7217588,1,0.073784722,0.138847858,0.27820457,65
작전역 환승 서쪽(북측),37.53069485,126.7217254,1,0.090625,0.144756278,0.27820457,39
장터공원,37.579757,126.737463,1,0.067307692,0.045790251,0.473870483,16
황어장터,37.57871127,126.7355659,1,0.056944444,0.038404727,0.473870483,26
황어장터,37.579207,126.735238,1,0.056944444,0.038404727,0.473870483,26
효성동 171-2,37.528634,126.707519,1,0.326388889,0.119645495,0.322177436,21
효성동 81,37.532373,126.709421,1,0.073784722,0.059084195,0.322177436,24
효성동 쌈지,37.52949501,126.7073325,1,0.494791667,0.103397341,0.322177436,3
효성동 쌈지,37.529735,126.707042,1,0.191666667,0.093057607,0.322177436,3
간석3동,37.4664547,126.7179452,0.622596865,0.081439394,0.067946824,0.642318442,111
간석복개지,37.46709062,126.6922529,0.622596865,0.035511364,0.088626292,0.642318442,139
고령토,37.4578155,126.6968337,0.622596865,0.023263889,0.124076809,0.642318442,32
공단 공구상가주변,37.40695006,126.693402,0.622596865,0.081439394,0.028064993,0.212448914,94
구산로,37.45536104,126.7196056,0.622596865,0.049019608,0.184638109,0.716388354,26
구월남로,37.4534939,126.7036862,0.622596865,0.037698413,0.062038405,0.716388354,34
구월도매시장,37.4444092,126.7043212,0.622596865,0.03,0.17872969,0.716388354,100
구월여중앞제일아랫길,37.44674201,126.7049144,0.622596865,0.035511364,0.199409158,0.716388354,31
남동공단1호,37.4155497,126.7043887,0.622596865,0.191666667,0.001477105,0.123548165,62
남동공단2호,37.4162096,126.7120139,0.622596865,0.073784722,0,0.123548165,223
남촌,37.4334014,126.7103525,0.622596865,1,0.022156573,0.123548165,22
남촌동,37.4319299,126.7100952,0.622596865,1,0.023633678,0.123548165,45
남촌화물주차장(정기차량전용),37.43200198,126.7107667,0.622596865,1,0.029542097,0.123548165,22
논고개,37.3994237,126.7262153,0.622596865,0.016173246,0.001477105,0.393887898,30
논현제4,37.39776864,126.7263887,0.622596865,0.009014423,0.001477105,0.393887898,43
논현제5,37.3881297,126.7042731,0.622596865,1,0,0.212448914,198
논현택지3,37.40249676,126.7247162,0.622596865,0.012037037,0.005908419,0.393887898,48
논현택지5,37.4014105,126.7209892,0.622596865,0.01108156,0.001477105,0.393887898,47
다복,37.4597004,126.714287,0.622596865,0.073784722,0.122599705,0.716388354,14
도림2호,37.41936044,126.7284199,0.622596865,0.037698413,0.016248154,0.123548165,23
도림제1,37.4221455,126.7293332,0.622596865,0.037698413,0.020679468,0.123548165,28
독점,37.4508025,126.7122014,0.622596865,0.073784722,0.140324963,0.716388354,30
돌산마루1호,37.46501613,126.7182786,0.622596865,0.081439394,0.116691285,0.642318442,148
돌산마루제4호,37.4661852,126.7157022,0.622596865,0.073784722,0.187592319,0.642318442,14
돌산마루제5호,37.4649799,126.7158923,0.622596865,0.061755952,0.205317578,0.642318442,10
동일,37.4568964,126.6960132,0.622596865,0.024425287,0.128508124,0.642318442,24
로데오,37.4458041,126.7017008,0.622596865,0.028445513,0.1816839,0.716388354,38
만부 제1호,37.46548856,126.7379509,0.622596865,0.2421875,0.039881832,0.743606309,17
만부 제2호,37.46702451,126.7359027,0.622596865,0.494791667,0.032496307,0.743606309,7
만부 제3호,37.46700389,126.7386586,0.622596865,0.494791667,0.029542097,0.743606309,6
만수복개천1,37.45348852,126.721716,0.622596865,0.049019608,0.265878877,0.716388354,140
만수복개천2,37.4538726,126.7252821,0.622596865,0.494791667,0.305760709,0.743606309,134
만수복개천3,37.4504584,126.7261876,0.622596865,0.494791667,0.23633678,0.716388354,176
만수복개천4,37.4492856,126.7277332,0.622596865,0.326388889,0.211225997,0.716388354,83
만수복개천5,37.4482744,126.7300558,0.622596865,0.101851852,0.150664697,0.743606309,45
만수시장,37.4600515,126.7317898,0.622596865,0.037698413,0.214180207,0.743606309,34
만수어린이공원(정기차량전용),37.45354611,126.7276999,0.622596865,1,0.308714919,0.743606309,50
만월10호,37.46138096,126.7278079,0.622596865,0.040104167,0.224519941,0.743606309,16
만월1호,37.4645956,126.7261855,0.622596865,0.157986111,0.05760709,0.743606309,12
만월2호,37.46452914,126.7275431,0.622596865,0.045717593,0.044313146,0.743606309,12
만월3호,37.46424183,126.7276383,0.622596865,0.045717593,0.0605613,0.743606309,4
만월4호,37.46383655,126.728493,0.622596865,0.049019608,0.11521418,0.743606309,8
만월5호,37.46193123,126.7264341,0.622596865,0.081439394,0.144756278,0.743606309,3
만월6호,37.46321862,126.7271696,0.622596865,0.037698413,0.129985229,0.743606309,9
만월7호,37.461038,126.7263249,0.622596865,0.081439394,0.177252585,0.743606309,10
만월9호,37.4602378,126.7281583,0.622596865,0.115885417,0.258493353,0.743606309,21
만월제11호,37.4619951,126.728185,0.622596865,0.045717593,0.206794682,0.743606309,38
만의골노상주차장,37.4572426,126.7730135,0.622596865,1,0.007385524,0.104082693,140
모래마을1호,37.4538948,126.7223318,0.622596865,0.090625,0.259970458,0.716388354,5
모래마을2호,37.45313379,126.7219492,0.622596865,0.056944444,0.286558346,0.716388354,6
모래마을3호,37.45274703,126.7220123,0.622596865,0.073784722,0.298375185,0.716388354,4
모래마을5호,37.4531638,126.7213949,0.622596865,0.049019608,0.268833087,0.716388354,10
목화,37.4628398,126.7096667,0.622596865,0.067307692,0.317577548,0.642318442,33
문예6길,37.44620791,126.6959183,0.622596865,0.052734375,0.122599705,0.716388354,29
문예회관,37.44759036,126.7000564,0.622596865,0.031684028,0.137370753,0.716388354,779
문화로,37.4477732,126.6955838,0.622596865,0.157986111,0.163958641,0.716388354,170
문화서,37.4498589,126.6951633,0.622596865,0.191666667,0.183161004,0.716388354,11
문화서제2호(정기차량전용),37.45186949,126.6952754,0.622596865,0.157986111,0.144756278,0.716388354,21
문화서제3,37.4467694,126.6968895,0.622596865,0.033514493,0.129985229,0.716388354,23
문화서제4호,37.4515184,126.6977566,0.622596865,0.133928571,0.134416544,0.716388354,13
백구로,37.45657664,126.7253864,0.622596865,1,0.29985229,0.743606309,58
백범,37.4616295,126.7185154,0.622596865,0.061755952,0.144756278,0.642318442,6
볼우물길,37.44761008,126.6962433,0.622596865,0.037698413,0.158050222,0.716388354,37
산호1호,37.46409624,126.7249957,0.622596865,0.081439394,0.094534712,0.743606309,8
상록수길,37.45593704,126.7329329,0.622596865,0.133928571,0.211225997,0.743606309,47
새남촌,37.43278622,126.7127282,0.622596865,0.2421875,0.042836041,0.123548165,234
서창1호,37.4372208,126.7446158,0.622596865,0.025669643,0.013293944,0.214007837,25
서창2호,37.4357655,126.747578,0.622596865,0.014227642,0.016248154,0.214007837,36
서창3호,37.4329093,126.7518515,0.622596865,0.028445513,0.011816839,0.214007837,31
서창4호,37.431719,126.7517582,0.622596865,0.024425287,0.010339734,0.214007837,27
서창5호,37.434246,126.7512982,0.622596865,0.03,0.013293944,0.214007837,60
서창6호,37.4373464,126.7462635,0.622596865,0.02020202,0.016248154,0.214007837,18
석산길,37.46326912,126.7135139,0.622596865,0.090625,0.282127031,0.642318442,58
석천,37.46798048,126.7059836,0.622596865,0.494791667,0.246676514,0.642318442,35
석천로,37.46122578,126.7129232,0.622596865,0.067307692,0.200886263,0.642318442,10
석촌로,37.4641853,126.7099375,0.622596865,0.133928571,0.336779911,0.642318442,13
선진8길,37.4557431,126.6968357,0.622596865,0.101851852,0.106351551,0.642318442,34
성리,37.4456348,126.7076339,0.622596865,0.052734375,0.189069424,0.716388354,25
성실,37.4505339,126.7223324,0.622596865,0.090625,0.29689808,0.716388354,13
소래산,37.45687409,126.7712336,0.622596865,1,0.007385524,0.104082693,482
소래제1,37.3976036,126.7354619,0.622596865,0.003237613,0.017725258,0.393887898,228
소래제2,37.4000593,126.7342348,0.622596865,0.00093633,0.017725258,0.393887898,115
소래제3,37.4014401,126.7319075,0.622596865,0.002213542,0.016248154,0.393887898,104
소래제4,37.3988509,126.7400489,0.622596865,0.061755952,0.019202363,0.393887898,24
소래제5,37.4014208,126.7393848,0.622596865,0.033514493,0.033973412,0.393887898,105
소망,37.4522584,126.7234899,0.622596865,0.115885417,0.336779911,0.716388354,44
수협소공원,37.44901751,126.6943055,0.622596865,0.2421875,0.184638109,0.716388354,33
시 부설주차장,37.45625536,126.704701,0.622596865,0.023263889,0.056129985,0.716388354,682
시계공영주차장,37.44335536,126.7667421,0.622596865,1,0.011816839,0.104082693,20
신성길,37.4602301,126.7215912,0.622596865,0.081439394,0.183161004,0.716388354,54
양지말,37.45986399,126.7036818,0.622596865,0.031684028,0.107828656,0.642318442,5
양지제2호,37.4599292,126.704698,0.622596865,0.033514493,0.1211226,0.642318442,19
예술로,37.4513412,126.7029472,0.622596865,0.031684028,0.100443131,0.716388354,14
인정,37.4486876,126.6935336,0.622596865,0.326388889,0.177252585,0.716388354,12
자치길,37.45839481,126.7277034,0.622596865,0.191666667,0.274741507,0.743606309,31
작은성말(정기차량전용),37.44551953,126.7053305,0.622596865,0.033514493,0.193500739,0.716388354,7
작은성말2길,37.4479219,126.7066679,0.622596865,0.040104167,0.203840473,0.716388354,41
장도로,37.39900219,126.7379876,0.622596865,0.004227053,0.022156573,0.393887898,64
장미,37.4569369,126.716188,0.622596865,0.045717593,0.066469719,0.716388354,10
장수1호,37.4518519,126.7512545,0.622596865,0.101851852,0.019202363,0.104082693,26
장수2호,37.4509241,126.7538468,0.622596865,0.101851852,0.017725258,0.104082693,26
장수3호,37.4497436,126.755539,0.622596865,0.494791667,0.016248154,0.104082693,11
장승백이1호(정기차량전용),37.44762374,126.7366103,0.622596865,0.042763158,0.094534712,0.743606309,17
장승백이2호(정기차량전용),37.44584145,126.7410025,0.622596865,0.042763158,0.056129985,0.743606309,16
장승백이3호(정기차량전용),37.44600864,126.7415764,0.622596865,0.042763158,0.056129985,0.743606309,20
주원,37.46554856,126.7011308,0.622596865,0.157986111,0.196454948,0.642318442,6
진솔,37.4485259,126.6952091,0.622596865,0.326388889,0.17577548,0.716388354,60
진주1호,37.4575604,126.7263612,0.622596865,0.2421875,0.277695716,0.743606309,27
진주2호,37.458963,126.7260775,0.622596865,0.090625,0.243722304,0.743606309,10
진주3호,37.4558632,126.7302441,0.622596865,0.157986111,0.276218612,0.743606309,12
진주4호,37.4582301,126.725796,0.622596865,0.133928571,0.261447563,0.743606309,43
창대시장,37.44794264,126.7359247,0.622596865,0.042763158,0.101920236,0.743606309,21
포구로,37.4003457,126.7391204,0.622596865,0.045717593,0.025110783,0.393887898,26
하모니,37.40192748,126.7069153,0.622596865,0.021158854,0.004431315,0.393887898,69
하촌로,37.45237284,126.7333034,0.622596865,0.133928571,0.212703102,0.743606309,174
하촌로5,37.4546031,126.7253489,0.622596865,1,0.302806499,0.743606309,28
학생안전체험관,37.45186067,126.7158791,0.622596865,0.040104167,0.215657312,0.716388354,142
향촌,37.46112738,126.7312856,0.622596865,0.037698413,0.197932053,0.743606309,83
(구)화평동사무소앞,37.478769,126.630041,0.020112393,0.049019608,0.355982275,0.032091344,22
구민운동장,37.476948,126.671114,0.020112393,0.326388889,0.035450517,0.141019339,35
금창동사무소 옆,37.472415,126.639991,0.020112393,0.115885417,0.332348597,0.012752272,12
대우중공업 옆,37.485762,126.623168,0.020112393,0.033514493,0.029542097,0.037372021,9
대우중공업옆(2),37.484579,126.626802,0.020112393,0.023263889,0.091580502,0.037372021,13
대우중공업주변,37.485555,126.628559,0.020112393,0.035511364,0.085672083,0.032091344,10
동화세르빌 옆,37.481329,126.632062,0.020112393,0.056944444,0.209748892,0.032091344,6
만석1차A 뒷골목,37.481818,126.620662,0.020112393,0.025669643,0.088626292,0.037372021,7
만석부두 공영,37.491246,126.621762,0.020112393,1,0.007385524,0.037372021,57
만석우체국 뒤,37.482476,126.620261,0.020112393,0.025669643,0.085672083,0.037372021,4
민방위교육장 앞,37.471046,126.638444,0.020112393,0.157986111,0.403249631,0.012752272,18
삼두아파트 옆,37.480331,126.633403,0.020112393,0.090625,0.209748892,0.081218488,14
서흥초교앞,37.479136,126.645466,0.020112393,0.073784722,0.274741507,0.141019339,48
송강빌라 주변,37.480697,126.631599,0.020112393,0.061755952,0.211225997,0.032091344,5
송림2동 복음병원위,37.475321,126.642018,0.020112393,0.101851852,0.295420975,0.141019339,21
송림4동 sk주택 앞,37.478538,126.653063,0.020112393,0.049019608,0.134416544,0.141019339,12
송현근린공원/배수지,37.476886,126.638608,0.020112393,0.115885417,0.208271787,0.081218488,27
송현시장 부근,37.476041,126.634894,0.020112393,0.157986111,0.514032496,0.081218488,16
송현주공A 앞,37.480823,126.644813,0.020112393,0.2421875,0.119645495,0.141019339,112
송현터널 앞,37.474475,126.638902,0.020112393,0.067307692,0.29394387,0.141019339,69
어린이교통공원,37.477785,126.669193,0.020112393,0.115885417,0.036927622,0.141019339,34
중앙시장,37.473842,126.635601,0.020112393,0.326388889,0.556868538,0.012752272,57
찌개마을 앞,37.4864387,126.622291,0.020112393,0.037698413,0.026587888,0.037372021,5
한라빌라 옆,37.481477,126.624235,0.020112393,0.016173246,0.107828656,0.037372021,18
현대시장 공영,37.477154,126.647347,0.020112393,0.067307692,0.311669129,0.141019339,91
화도진근린공원,37.481085,126.628669,0.020112393,0.040104167,0.203840473,0.032091344,21
화도진중학교 앞,37.484526,126.630841,0.020112393,0.081439394,0.094534712,0.032091344,24
화수1.화평동 민원주차장,37.481231,126.630176,0.020112393,0.042763158,0.214180207,0.032091344,16
화수1.화평동사무소아래,37.481927,126.630446,0.020112393,0.042763158,0.199409158,0.032091344,12
화수2동사무소 아래,37.484921,126.629814,0.020112393,0.067307692,0.091580502,0.032091344,13
화수부두 공영,37.487861,126.631031,0.020112393,0.067307692,0.038404727,0.032091344,25
화수시장 부근,37.480572,126.627745,0.020112393,0.040104167,0.194977843,0.032091344,14
화평어린이집 옆,37.479749,126.632245,0.020112393,0.067307692,0.234859675,0.032091344,17
관교동제1노외주차장,37.44731614,126.6929198,0.280981958,0.133928571,0.149187592,0.080600536,11
관교동제2노외주차장,37.44230178,126.6938715,0.280981958,0.090625,0.039881832,0.080600536,64
관교동제3노외주차장,37.4441498,126.6931142,0.280981958,0.081439394,0.073855244,0.080600536,89
도화1동제1노상주차장,37.46093435,126.6761629,0.280981958,0.049019608,0.295420975,0.356038369,46
도화1동제1노외주차장,37.46184683,126.6686083,0.280981958,0.191666667,0.093057607,0.356038369,16
도화1동제2노상주차장,37.465027,126.6635834,0.280981958,0.090625,0.132939439,0.356038369,11
도화1동제2노외주차장,37.4638418,126.6677087,0.280981958,0.191666667,0.11521418,0.356038369,7
도화1동제3노상주차장,37.459275,126.673897,0.280981958,0.090625,0.217134417,0.356038369,18
도화1동제4노외주차장,37.4640654,126.6672324,0.280981958,0.191666667,0.122599705,0.356038369,89
"도화2,3동제4노외주차장",37.4669112,126.6616847,0.280981958,0.037698413,0.159527326,0.356038369,27
문학동제1노외주차장,37.4404539,126.679025,0.280981958,0.067307692,0.047267356,0.09981321,16
문학동제3노외주차장,37.436622,126.685306,0.280981958,0.191666667,0.0605613,0.09981321,28
문학동제4노외주차장,37.43800799,126.6864644,0.280981958,0.191666667,0.05760709,0.09981321,25
문학동제5노외주차장,37.4375457,126.6784874,0.280981958,0.115885417,0.044313146,0.09981321,19
미추홀구청사부설주차장,37.4634703,126.6500003,0.280981958,0.028445513,0.180206795,0.296097075,192
"숭의1,3동제1노외주차장",37.46393881,126.6455675,0.280981958,0.049019608,0.261447563,0.296097075,3
"숭의1,3동제2노상주차장",37.46475684,126.6419282,0.280981958,0.067307692,0.335302806,0.296097075,26
"숭의1,3동제2노외주차장",37.46901756,126.6470082,0.280981958,0.031684028,0.184638109,0.296097075,8
"숭의1,3동제4노외주차장",37.4654137,126.6479161,0.280981958,0.022177419,0.225997046,0.296097075,43
"숭의1,3동제6노상주차장",37.46142053,126.639916,0.280981958,0.067307692,0.231905465,0.296097075,80
숭의2동 제1노상주차장,37.46284869,126.6450117,0.280981958,0.049019608,0.282127031,0.296097075,29
숭의2동제2노외주차장,37.46300803,126.6464591,0.280981958,0.045717593,0.271787297,0.296097075,13
숭의2동제3노외주차장,37.4644173,126.6496023,0.280981958,0.031684028,0.174298375,0.296097075,10
숭의2동제4노외주차장,37.4620301,126.6449828,0.280981958,0.049019608,0.257016248,0.296097075,21
숭의2동제7노외주차장,37.46265113,126.6488512,0.280981958,0.037698413,0.224519941,0.296097075,267
숭의4동제1노외주차장,37.4592027,126.6552393,0.280981958,0.326388889,0.208271787,0.296097075,16
숭의4동제4노외주차장,37.460945,126.6539466,0.280981958,0.115885417,0.200886263,0.296097075,5
숭의4동제5노외주차장,37.46484006,126.6591272,0.280981958,0.326388889,0.155096012,0.296097075,42
"용현1,4동제10노외주차장",37.45189913,126.6658494,0.280981958,1,0.119645495,0.60755867,20
"용현1,4동제1노상주차장",37.4508289,126.6596307,0.280981958,0.494791667,0.137370753,0.60755867,80
"용현1,4동제2노상주차장",37.45022695,126.6608097,0.280981958,1,0.119645495,0.60755867,83
"용현1,4동제2노외주차장",37.45527673,126.6610061,0.280981958,0.2421875,0.116691285,0.60755867,32
"용현1,4동제3노상주차장",37.45144695,126.6515436,0.280981958,0.2421875,0.098966027,0.60755867,41
"용현1,4동제4노외주차장",37.45580431,126.6577351,0.280981958,0.2421875,0.180206795,0.60755867,29
"용현1,4동제5노외주차장",37.45233312,126.662524,0.280981958,0.326388889,0.143279173,0.60755867,9
"용현1,4동제7노외주차장",37.4483459,126.660361,0.280981958,0.157986111,0.079763663,0.60755867,30
"용현1,4동제9노외주차장",37.4558477,126.6625088,0.280981958,0.326388889,0.097488922,0.60755867,10
용현3동제1노상주차장,37.45843461,126.653818,0.280981958,0.191666667,0.243722304,0.60755867,74
용현3동제1노외주차장,37.45798296,126.6509617,0.280981958,0.115885417,0.279172821,0.60755867,38
용현3동제2노외주차장,37.45653263,126.6504579,0.280981958,0.115885417,0.268833087,0.60755867,41
용현3동제3노외주차장,37.45512402,126.6567501,0.280981958,0.191666667,0.215657312,0.60755867,25
용현3동제7노외주차장,37.4578483,126.652691,0.280981958,0.191666667,0.258493353,0.60755867,42
용현3동제8노외주차장,37.45807061,126.653811,0.280981958,0.191666667,0.251107829,0.60755867,17
용현3동제9노외주차장,37.45870716,126.653328,0.280981958,0.191666667,0.254062038,0.60755867,14
용현5동 제1노외주차장,37.45103273,126.638465,0.280981958,0.023263889,0.138847858,0.60755867,21
용현5동 제20노상주차장,37.45265511,126.6316062,0.280981958,0.115885417,0.097488922,0.60755867,46
용현5동 제21노상주차장,37.45128716,126.6663918,0.280981958,1,0.128508124,0.60755867,21
용현5동 제2노외주차장,37.45201513,126.6450629,0.280981958,0.052734375,0.0605613,0.60755867,93
용현5동제12노상주차장,37.45301466,126.6383233,0.280981958,0.023263889,0.17872969,0.60755867,16
용현5동제13노상주차장,37.45190573,126.637552,0.280981958,0.052734375,0.171344165,0.60755867,15
용현5동제14노상주차장,37.44990741,126.6357881,0.280981958,0.022177419,0.122599705,0.60755867,33
용현5동제16노상주차장,37.45200856,126.6393088,0.280981958,0.052734375,0.135893648,0.60755867,17
용현5동제17노상주차장,37.4510174,126.6375042,0.280981958,0.025669643,0.155096012,0.60755867,29
용현5동제19노상주차장,37.44979847,126.6402364,0.280981958,0.016891892,0.081240768,0.60755867,32
용현5동제2노상주차장,37.4538254,126.6356619,0.280981958,0.031684028,0.174298375,0.60755867,20
용현5동제3노상주차장,37.4526255,126.6341263,0.280981958,0.061755952,0.165435746,0.60755867,29
용현5동제5노상주차장,37.4544316,126.6369906,0.280981958,0.02020202,0.184638109,0.60755867,18
용현5동제6노상주차장,37.4530102,126.635572,0.280981958,0.031684028,0.17282127,0.60755867,23
용현5동제7노상주차장,37.451245,126.6342034,0.280981958,0.035511364,0.150664697,0.60755867,28
용현5동제9노상주차장,37.4530007,126.6373052,0.280981958,0.031684028,0.1816839,0.60755867,20
제물포남광장,37.4659308,126.6566742,0.280981958,0.494791667,0.138847858,0.296097075,18
제물포북광장,37.46719244,126.656286,0.280981958,0.494791667,0.131462334,0.356038369,74
주안1동제1노상주차장,37.461241,126.6805888,0.280981958,0.033514493,0.324963072,0.946799994,14
주안1동제1노외주차장,37.46444788,126.6773413,0.280981958,0.028445513,0.203840473,0.946799994,109
주안1동제2노상주차장,37.4635298,126.6831111,0.280981958,0.035511364,0.240768095,0.946799994,57
주안1동제3노상주차장,37.46042855,126.6850358,0.280981958,0.028445513,0.330871492,0.946799994,26
주안1동제4노상주차장,37.46103383,126.6782479,0.280981958,0.033514493,0.330871492,0.946799994,55
주안1동제5노상주차장,37.4595184,126.6846475,0.280981958,0.028445513,0.345642541,0.946799994,17
주안2동제1노외주차장,37.45469924,126.6727222,0.280981958,0.081439394,0.165435746,0.946799994,14
주안2동제6노외주차장,37.4555312,126.6710165,0.280981958,0.081439394,0.165435746,0.946799994,19
주안2동제7노외주차장,37.4545482,126.6748744,0.280981958,0.101851852,0.220088626,0.946799994,26
주안2동제8노외주차장,37.4535198,126.6718726,0.280981958,0.081439394,0.143279173,0.946799994,35
주안2동제9노외주차장,37.45795096,126.6764675,0.280981958,0.081439394,0.283604136,0.946799994,28
주안3동제11노외주차장,37.4479155,126.674449,0.280981958,0.191666667,0.215657312,0.946799994,18
주안3동제12노외주차장,37.44453223,126.672004,0.280981958,0.115885417,0.090103397,0.946799994,48
주안3동제2노외주차장,37.44415139,126.672628,0.280981958,0.067307692,0.084194978,0.946799994,10
주안3동제7노외주차장,37.44741177,126.673452,0.280981958,0.191666667,0.197932053,0.946799994,15
주안3동제8노외주차장,37.4501275,126.6715401,0.280981958,0.494791667,0.135893648,0.946799994,23
주안4동제1노외주차장,37.453735,126.6833049,0.280981958,1,0.215657312,0.946799994,12
주안4동제2노외주차장,37.45563426,126.6874063,0.280981958,0.2421875,0.316100443,0.946799994,19
주안4동제4노외주차장,37.453139,126.685359,0.280981958,0.494791667,0.212703102,0.946799994,10
주안4동제5노외주차장,37.45351905,126.681849,0.280981958,1,0.200886263,0.946799994,8
주안4동제6노외주차장,37.453177,126.685958,0.280981958,0.326388889,0.200886263,0.946799994,4
주안4동제7노외주차장,37.4547373,126.683932,0.280981958,1,0.261447563,0.946799994,4
주안5동제2노상주차장,37.47026053,126.6837689,0.280981958,0.061755952,0.107828656,0.946799994,68
주안5동제3노상주차장,37.465929,126.6787272,0.280981958,0.031684028,0.177252585,0.946799994,97
주안5동제4노상주차장,37.4655003,126.6804371,0.280981958,0.024425287,0.220088626,0.946799994,30
주안5동제5노상주차장,37.4651055,126.681572,0.280981958,0.033514493,0.23633678,0.946799994,23
주안6동제1노상주차장,37.4598373,126.6910485,0.280981958,0.014227642,0.257016248,0.946799994,20
주안6동제1노외주차장,37.45918183,126.6906389,0.280981958,0.019301471,0.302806499,0.946799994,21
주안6동제2노상주차장,37.4597051,126.6860402,0.280981958,0.045717593,0.338257016,0.946799994,36
주안6동제2노외주차장,37.46413189,126.694017,0.280981958,0.012547348,0.11816839,0.946799994,31
주안6동제3노외주차장,37.46295507,126.686476,0.280981958,0.028445513,0.197932053,0.946799994,72
주안6동제4노외주차장,37.4597024,126.6916664,0.280981958,0.014227642,0.246676514,0.946799994,43
주안7동제1노상주차장,37.4477427,126.6780119,0.280981958,0.2421875,0.264401773,0.946799994,32
주안7동제1노외주차장,37.4468763,126.6748313,0.280981958,0.133928571,0.206794682,0.946799994,28
주안7동제2노외주차장,37.44570947,126.6756458,0.280981958,0.101851852,0.189069424,0.946799994,17
주안7동제3노외주차장,37.4462646,126.6786446,0.280981958,0.2421875,0.228951256,0.946799994,142
평생학습관부설주차장,37.44113975,126.669271,0.280981958,0.326388889,0.051698671,0.286869935,19
학익1동 제1노상주차장,37.44270985,126.6636517,0.280981958,0.101851852,0.100443131,0.286869935,39
학익1동 제2노상주차장,37.44213539,126.6363362,0.280981958,0.326388889,0.011816839,0.286869935,150
학익1동 제3노상주차장,37.43967712,126.6617997,0.280981958,0.033514493,0.050221566,0.286869935,52
학익1동제2노외주차장,37.44748072,126.652155,0.280981958,0.191666667,0.011816839,0.286869935,97
학익1동제3노외주차장,37.44517912,126.6575666,0.280981958,0.067307692,0.032496307,0.286869935,6
학익1동제5노외주차장,37.44077318,126.6544724,0.280981958,0.017650463,0.026587888,0.286869935,15
학익2동제1노상주차장,37.4419865,126.6676293,0.280981958,0.157986111,0.091580502,0.286869935,12
학익2동제1노외주차장,37.44777038,126.6638229,0.280981958,0.494791667,0.101920236,0.286869935,29
학익2동제2노상주차장,37.4417416,126.6718037,0.280981958,0.061755952,0.042836041,0.286869935,10
학익2동제3노외주차장,37.4446349,126.6643689,0.280981958,0.191666667,0.103397341,0.286869935,11
학익2동제4노외주차장,37.4451388,126.6639938,0.280981958,0.191666667,0.098966027,0.286869935,10
학익2동제5노외주차장,37.4464367,126.6645988,0.280981958,0.494791667,0.101920236,0.286869935,11
학익2동제6노외주차장,37.44621644,126.6636081,0.280981958,0.494791667,0.101920236,0.286869935,40
학익2동제7노외주차장,37.44312923,126.6653983,0.280981958,0.081439394,0.097488922,0.286869935,19
갈산역,37.5159563,126.7220297,0.350192251,0.021158854,0.082717873,0.211170878,136
갈산역,37.5155166,126.7238652,0.350192251,0.019301471,0.096011817,0.211170878,131
갈월산,37.5182182,126.7250669,0.350192251,0.040104167,0.093057607,0.211170878,10
경인로1024번길,37.4860513,126.7329939,0.350192251,0.133928571,0.163958641,0.284566662,20
고니샘,37.5044525,126.7323629,0.350192251,0.115885417,0.155096012,1,19
굴포천1차 복개,37.4947095,126.7204751,0.350192251,0.115885417,0.391432792,1,244
굴포천2차 복개,37.4983628,126.720527,0.350192251,0.101851852,0.17872969,1,300
굴포천4차,37.50591334,126.7202172,0.350192251,0.045717593,0.096011817,1,212
길주로339번길,37.50984136,126.6981245,0.350192251,0.494791667,0.062038405,0.443197618,27
남부고가,37.4890468,126.717625,0.350192251,0.326388889,0.196454948,1,30
남부역1길,37.48791539,126.7281473,0.350192251,0.090625,0.231905465,1,10
남새싹3길,37.488532,126.7193887,0.350192251,0.2421875,0.202363368,1,3
남새싹5길,37.48903538,126.720057,0.350192251,0.2421875,0.23338257,1,5
노랑다리,37.5026805,126.7003867,0.350192251,0.115885417,0.149187592,0.443197618,43
늘봄1길,37.48719899,126.7138465,0.350192251,0.494791667,0.131462334,1,5
대정(건축물),37.4562557,126.7052062,0.350192251,0.021158854,0.053175775,1,107
대정로,37.4955086,126.725712,0.350192251,0.073784722,0.571639586,1,11
동수천로53번길,37.4909186,126.7345005,0.350192251,0.133928571,0.125553914,0.284566662,10
동암역북광장,37.47138816,126.7016164,0.350192251,1,0.249630724,0.244484081,49
롯데백화점 입구,37.4941614,126.7219466,0.350192251,0.115885417,0.491875923,1,24
무지개아파트옆,37.50072123,126.7044694,0.350192251,0.073784722,0.066469719,0.443197618,13
백운남부1차,37.4807943,126.7103842,0.350192251,0.494791667,0.06351551,0.244484081,59
백운북광장,37.4846791,126.7087774,0.350192251,0.326388889,0.079763663,0.244484081,33
백운역북광장,37.4839258,126.7073091,0.350192251,0.326388889,0.072378139,0.244484081,28
부개1차,37.5041906,126.7387031,0.350192251,0.03,0.067946824,0.284566662,51
부개2차,37.50331799,126.7389097,0.350192251,0.022177419,0.067946824,0.284566662,49
부개3차,37.4973165,126.7386016,0.350192251,0.081439394,0.104874446,0.284566662,57
부개역,37.48937956,126.7396121,0.350192251,0.037698413,0.127031019,0.284566662,200
부원,37.4922763,126.7193542,0.350192251,0.115885417,0.280649926,1,112
부평3동,37.4860242,126.7082771,0.350192251,0.191666667,0.081240768,0.244484081,9
부평공원앞,37.4912321,126.7157897,0.350192251,0.494791667,0.122599705,0.443197618,71
부평구청(부설),37.5067667,126.7218573,0.350192251,0.045717593,0.101920236,1,334
부평구청역,37.50401235,126.7180036,0.350192251,0.067307692,0.113737075,1,75
부평구청역,37.5058342,126.7206155,0.350192251,0.045717593,0.104874446,1,434
부평깡시장,37.49867037,126.726853,0.350192251,0.157986111,0.317577548,1,128
부평문화로153번길,37.4948343,126.7329008,0.350192251,0.326388889,0.223042836,0.284566662,10
부평삼거리역,37.4777748,126.7095452,0.350192251,0.2421875,0.067946824,0.244484081,74
부평시장(건축물),37.4960046,126.7270041,0.350192251,0.081439394,0.543574594,1,185
부평시장대정,37.4971589,126.724511,0.350192251,0.081439394,0.440177253,1,105
부평시장로터리,37.49473428,126.7266282,0.350192251,0.101851852,0.558345643,1,33
부흥로,37.4981289,126.7252265,0.350192251,0.133928571,0.381093058,1,35
부흥로,37.49878151,126.7273663,0.350192251,0.157986111,0.29985229,1,13
부흥로터리,37.49709063,126.7310841,0.350192251,0.326388889,0.280649926,1,156
사랑샘공원,37.5204545,126.7358762,0.350192251,0.014227642,0.05465288,0.33228937,102
산곡배움2길,37.4934246,126.7060426,0.350192251,0.326388889,0.109305761,0.443197618,8
삼산1차,37.52120873,126.7423857,0.350192251,0.03,0.05760709,0.33228937,17
삼산2차,37.5214603,126.7429895,0.350192251,0.03,0.056129985,0.33228937,33
삼산3차,37.52222101,126.7438181,0.350192251,0.037698413,0.0605613,0.33228937,30
삼산4차,37.5201604,126.747595,0.350192251,0.031684028,0.033973412,0.33228937,17
삼산5차,37.5153623,126.7389306,0.350192251,0.022177419,0.042836041,0.33228937,37
삼산동(갈월),37.5198649,126.7387108,0.350192251,0.013081395,0.05760709,0.33228937,156
삼산해돋이,37.5169041,126.7334848,0.350192251,0.016173246,0.05760709,0.33228937,97
세월천골,37.5140228,126.6990182,0.350192251,0.326388889,0.039881832,0.246717133,19
세월천로,37.5124549,126.7092729,0.350192251,0.061755952,0.031019202,0.246717133,108
수변로 85번길,37.4945845,126.739602,0.350192251,0.326388889,0.091580502,0.284566662,29
시장로,37.49642821,126.7282033,0.350192251,0.090625,0.465288035,1,16
인천나비공원,37.5206653,126.6969866,0.350192251,0.073784722,0.016248154,0.246717133,108
일신동,37.48173752,126.7423648,0.350192251,0.067307692,0.141802068,0.064955128,6
장제로357번길,37.5180486,126.730564,0.350192251,0.009791667,0.082717873,0.211170878,10
주부토로,37.49751676,126.7251437,0.350192251,0.081439394,0.438700148,1,21
주부토로90번길,37.5028946,126.7283336,0.350192251,0.2421875,0.162481536,1,12
청수3길,37.5195081,126.7060609,0.350192251,0.191666667,0.1211226,0.246717133,6
청천2동,37.51473881,126.7051042,0.350192251,0.067307692,0.116691285,0.246717133,18
청천천,37.51639667,126.7199201,0.350192251,0.045717593,0.039881832,0.246717133,443
청천화물,37.5163897,126.7186209,0.350192251,0.045717593,0.023633678,0.246717133,97
충선로311번길,37.5162052,126.7339333,0.350192251,0.017650463,0.070901034,0.33228937,54
충선로311번길,37.5167307,126.7328554,0.350192251,0.016173246,0.0605613,0.33228937,55
코아타운,37.49765011,126.7220754,0.350192251,0.073784722,0.323485968,1,15
평천로 357번길,37.51805671,126.7301512,0.350192251,0.009791667,0.082717873,0.211170878,10
화랑남로5번길,37.49272593,126.7052534,0.350192251,0.157986111,0.103397341,0.443197618,18
화랑로,37.4936086,126.702259,0.350192251,0.494791667,0.103397341,0.443197618,54
효자2길,37.4870571,126.716656,0.350192251,0.494791667,0.093057607,1,6
희망천2지구,37.48201366,126.7136039,0.350192251,0.494791667,0.042836041,1,32
희망천3지구,37.48076132,126.7173588,0.350192251,1,0.010339734,1,73
강남시장(장터)주차장,37.51188318,126.6713453,0.646554274,0.056944444,0.220088626,0.325211016,100
검단1주차장,37.60196626,126.6616316,0.646554274,0.027006173,0.051698671,0.108281954,67
검단2주차장,37.59210015,126.6746299,0.646554274,0.022177419,0.001477105,0.144305717,64
검단3주차장,37.601591,126.662121,0.646554274,0.022177419,0.041358936,0.201620718,102
고산후(검단6)주차장,37.59299251,126.6953696,0.646554274,0.01108156,0.022156573,0.144305717,47
당하두루누리(검단7)주차장,37.5873475,126.676071,0.646554274,0.022177419,0.007385524,0.144305717,39
서곶누리주차장,37.54697255,126.6723554,0.646554274,0.03,0.155096012,0.258991896,68
서구청1주차장(주차타워),37.54606825,126.675941,0.646554274,0.033514493,0.1816839,0.258991896,351
서구청2주차장,37.544961,126.675341,0.646554274,0.03,0.171344165,0.258991896,10
석남2주차장,37.5033995,126.6718196,0.646554274,0.040104167,0.166912851,0.325211016,94
석남3주차장,37.501098,126.675313,0.646554274,0.090625,0.149187592,0.325211016,24
석남4주차장,37.5109009,126.6748921,0.646554274,0.049019608,0.199409158,0.325211016,26
석남5주차장,37.51067996,126.6743275,0.646554274,0.056944444,0.203840473,0.325211016,95
완정네공영(검단4)주차장,37.59431766,126.6735425,0.646554274,0.004442402,0.00295421,0.108281954,29
완정미소(검단5)주차장,37.5944651,126.675211,0.646554274,0.005621693,0.00295421,0.108281954,49
인천축산물시장주차장,37.478241,126.6874532,0.646554274,0.081439394,0.010339734,0.371753999,58
정서진중앙시장주차장,37.5189583,126.6773643,0.646554274,0.191666667,0.125553914,0.293358426,78
코스모나눔주차장,37.48615398,126.677881,0.646554274,0.2421875,0.038404727,0.371753999,18
그린타워주차장,37.415099,126.679605,0.611949127,0.016891892,0.042836041,0.372877547,57
늘봄공원,37.41319988,126.6785372,0.611949127,0.01108156,0.038404727,0.372877547,65
능허리주차장,37.414148,126.671955,0.611949127,0.133928571,0.025110783,0.302276589,22
동 춘 동,37.407747,126.6715439,0.611949127,0.02020202,0.017725258,0.302276589,104
동춘교하부공간주차장,37.41300787,126.6639951,0.611949127,0.133928571,0.005908419,0.302276589,17
두리공원주차장,37.424023,126.695464,0.611949127,0.061755952,0.026587888,0.107017963,37
문남공원 일원,37.424258,126.677279,0.611949127,0.073784722,0.008862629,0.372877547,18
문학장미공원주차장,37.42685707,126.679109,0.611949127,0.326388889,0.005908419,0.372877547,85
박물관길 주차장,37.420646,126.6539225,0.611949127,0.115885417,0.100443131,0.220678904,44
상륙작전기념관주차장,37.424438,126.6971542,0.611949127,0.067307692,0.038404727,0.107017963,43
샘말공원지하주차장,37.414036,126.680404,0.611949127,0.016891892,0.036927622,0.372877547,72
송도로타리주차장,37.418305,126.650527,0.611949127,0.157986111,0.116691285,0.220678904,15
송도역 주차장(환승주차장),37.429218,126.654847,0.611949127,0.090625,0.038404727,0.220678904,158
송도컨벤시아 주차장,37.3881431,126.6455531,0.611949127,0.019301471,0.044313146,0.97950929,1157
시립박물관주변,37.4218346,126.6524034,0.611949127,0.081439394,0.090103397,0.220678904,24
시립박물관주변주차장,37.421309,126.652171,0.611949127,0.115885417,0.096011817,0.220678904,24
앵고개로 기업은행 일원,37.408315,126.671248,0.611949127,0.02020202,0.016248154,0.302276589,132
연수 벚꽃로 공영주차장,37.417025,126.679501,0.611949127,0.019301471,0.045790251,0.372877547,117
연수공영주차장(연수3동주차장),37.422757,126.697429,0.611949127,0.052734375,0.038404727,0.372877547,222
연수동 함박마을 주변,37.425836,126.6835104,0.611949127,0.115885417,0.005908419,0.372877547,314
연수역 주차장(환승주차장),37.41861634,126.678183,0.611949127,0.024425287,0.039881832,0.372877547,121
연수역남부공영주차장,37.41935999,126.6758358,0.611949127,0.037698413,0.041358936,0.170372035,170
연수역북부공영주차장,37.41909456,126.6773686,0.611949127,0.024425287,0.044313146,0.372877547,95
옥련동 백산1차아파트 주변,37.424224,126.646247,0.611949127,0.012547348,0.062038405,0.220678904,25
옥련동 송학둥지아파트 주변,37.42924938,126.6490593,0.611949127,0.191666667,0.019202363,0.220678904,32
옥련동 재래시장주차장,37.424227,126.644869,0.611949127,0.014227642,0.05465288,0.220678904,38
옥련동 호불사 입구 주변 주차장,37.423264,126.657391,0.611949127,0.061755952,0.039881832,0.220678904,23
옥련동 호불사 주변,37.424114,126.657879,0.611949127,0.042763158,0.045790251,0.220678904,26
옥련동공영주차장(1),37.425263,126.655194,0.611949127,0.042763158,0.05760709,0.220678904,20
옥련동복개천주차장,37.418449,126.653199,0.611949127,0.157986111,0.116691285,0.220678904,125
원인재역 주차장(환승주차장),37.41343022,126.6865335,0.611949127,0.03,0.007385524,0.372877547,46
제10공영주차장(송도),37.39569853,126.6485745,0.611949127,0.002057613,0,0.97950929,34
제11공영주차장(송도),37.39535386,126.6482212,0.611949127,0.000810185,0,0.97950929,34
제12공영주차장(송도),37.39697211,126.646864,0.611949127,0.00093633,0,0.97950929,25
제13공영주차장(송도),37.396612,126.646466,0.611949127,0.001065341,0,0.97950929,29
제14공영주차장(송도),37.39370055,126.6454937,0.611949127,0,0,0.97950929,68
제1공영주차장(송도),37.3796805,126.6450791,0.611949127,0.019301471,0.044313146,0.97950929,278
제2공영주차장(송도),37.38653543,126.6510987,0.611949127,0.133928571,0,0.97950929,41
제3공영주차장(송도),37.38505558,126.6497293,0.611949127,0.061755952,0,0.97950929,50
제4공영주차장(송도),37.38760223,126.6450931,0.611949127,0.027006173,0.044313146,0.97950929,72
제5공영주차장(송도),37.385323,126.643226,0.611949127,0.03,0.044313146,0.97950929,72
제6공영주차장(송도),37.37872461,126.6430757,0.611949127,0.027006173,0,0.97950929,70
제7공영주차장(송도),37.3759514,126.6450903,0.611949127,0.007309942,0,0.97950929,69
제8공영주차장(송도),37.37978895,126.6376618,0.611949127,0.133928571,0,0.97950929,82
제9공영주차장(송도),37.3803676,126.6379787,0.611949127,0.133928571,0,0.97950929,82
제9공영주차장(송도),37.39799114,126.6501476,0.611949127,0.003237613,0,0.97950929,60
청학공영주차장(1),37.42665823,126.6661793,0.611949127,0.012547348,0.038404727,0.170372035,68
청학공영주차장(2),37.427204,126.662712,0.611949127,0.090625,0.051698671,0.170372035,113
청학공영주차장(3),37.424116,126.6651341,0.611949127,0.022177419,0.032496307,0.170372035,26
청학동 안골마을 주변,37.42932291,126.661941,0.611949127,0.133928571,0.033973412,0.170372035,762
청학동공영주차장(4),37.42714028,126.6644002,0.611949127,0.027006173,0.044313146,0.170372035,95
함박로 주차장,37.425602,126.684683,0.611949127,0.115885417,0.010339734,0.372877547,89
함박마을공영주차장,37.426079,126.6829999,0.611949127,0.115885417,0.005908419,0.372877547,128
함박뫼로 50번길 일원,37.421424,126.6737788,0.611949127,0.067307692,0.026587888,0.372877547,60
흥륜사 주차장,37.417162,126.659299,0.611949127,1,0.038404727,0.220678904,40
가래칠기 해변 주차장,37.6789466,125.685415,0,1,0,0.012007921,7
공설묘지 주차장,37.2694483,126.2858168,0,1,0,0,10
구리동 해변 주차장,37.67962253,125.7138576,0,1,0.001477105,0.012007921,34
내5리공영주차장,37.25817425,126.5003198,0,0.494791667,0.016248154,0.044394197,47
능동자갈마당 주차장,37.26392157,126.1026927,0,1,0,0.008468744,37
달바위 선착장 주차장,37.2447676,126.3177428,0,1,0.005908419,0,39
당섬 선착장 주차장,37.65482617,125.7124629,0,1,0,0.012007921,208
대청리 노상주차장,37.82528068,124.7177875,0,1,0.026587888,0.002471806,55
두무진 주차장,37.97380699,124.6196413,0,1,0.005908419,0.03327107,40
등대공원 주차장,37.67710332,125.6851891,0,1,0,0.012007921,22
망향공원 주차장,37.67206224,125.7107778,0,1,0.00295421,0.012007921,7
바다역 주차장,37.22689175,126.1543771,0,1,0.004431315,0.008468744,34
밧지름주차장,37.21493446,126.1394484,0,1,0.004431315,0.008468744,74
백령공영주차장,37.97139999,124.7170132,0,1,0.066469719,0.03327107,60
북포리 공영주차장,37.95965383,124.6645798,0,1,0.029542097,0.03327107,55
사곶해변 주차장,37.95163121,124.7214044,0,1,0.005908419,0.03327107,62
서포리 해변 주차장,37.22237148,126.117697,0,1,0.045790251,0.008468744,80
소야도 떼뿌루 해변 주차장,37.21256403,126.1758186,0,1,0.00295421,0.008468744,34
승봉리 선착장 주차장,37.17004585,126.2918003,0,1,0,0,15
신도 선착장 주차장,37.51467352,126.4385472,0,1,0.005908419,0.001278036,60
심청각 주차장,37.97709554,124.717405,0,1,0.004431315,0.03327107,30
십리포A주차장,37.28146822,126.4864755,0,0.326388889,0.017725258,0.044394197,190
십리포B주차장,37.2803552,126.4833123,0,0.326388889,0.020679468,0.044394197,160
영흥면사무소 주차장,37.25609956,126.4833427,0,1,0.014771049,0.044394197,48
옹암 해변 주차장,37.5299513,126.3726811,0,1,0.005908419,0.001278036,20
외1리공영주차장,37.237823,126.4576924,0,1,0.001477105,0.044394197,70
용기포 신항 주차장(건물식),37.95578034,124.7349257,0,1,0.004431315,0.03327107,91
용트림 바위 주차장,37.9208089,124.6747951,0,1,0,0.03327107,20
이작1리 부아산 주차장,37.17795983,126.2608045,0,1,0,0,6
이작1리 선착장 주차장,37.1780449,126.2473986,0,1,0,0,32
이작1리 큰풀안 주차장,37.16986457,126.262931,0,1,0,0,25
이작2리 선착장 주차장,37.1816345,126.2424839,0,1,0.00295421,0,13
자월면사무소 주차장,37.25406432,126.3071493,0,1,0.010339734,0,20
작은풀안 해변 주차장,37.17141194,126.258568,0,1,0.001477105,0,30
잔두항공영주차장(건물식),37.25522135,126.4966115,0,0.494791667,0.011816839,0.044394197,177
장경리주차장,37.27252518,126.452428,0,0.157986111,0.035450517,0.044394197,304
장골 해변 주차장,37.24987912,126.3133174,0,1,0.005908419,0,10
장봉 선착장 주차장,37.53103758,126.3847081,0,1,0.001477105,0.001278036,10
종합운동장 주차장,37.26503771,126.4465617,0,0.326388889,0.014771049,0.044394197,80
지두리 해변 제2주차장,37.82174488,124.683203,0,1,0,0.002471806,24
콩돌해안 주차장,37.92690978,124.701788,0,1,0,0.03327107,15
테니스장 주차장,37.66058334,125.7052585,0,1,0.036927622,0.012007921,8
BBS임시공영주차장,37.46995666,126.6335161,0.197870453,0.133928571,0.574593796,0.017653751,16
개항로53번길노상주차장,37.47308103,126.6287566,0.197870453,0.494791667,0.979320532,0.04020898,4
개항로제1노상주차장,37.47083943,126.6230974,0.197870453,0.081439394,0.583456425,0.029745938,21
개항로제2노상주차장,37.47247394,126.6282441,0.197870453,0.157986111,1,0.04020898,24
경동공영주차장,37.47153624,126.6308467,0.197870453,1,0.82717873,0.04020898,57
경동식당앞공영주차장,37.47283289,126.6323191,0.197870453,1,0.751846381,0.04020898,17
공감마을 제1,37.4692074,126.6286006,0.197870453,0.073784722,0.787296898,0.029745938,4
공감마을 제2,37.46682825,126.632925,0.197870453,0.101851852,0.329394387,0.080895468,13
공항신도시 공영주차장,37.49428854,126.481847,0.197870453,0.090625,0,0.26074744,224
구양조장공영주차장,37.4655811,126.6380357,0.197870453,0.133928571,0.330871492,0.080895468,37
구인천여고공영주차장,37.47711266,126.6295009,0.197870453,0.2421875,0.521418021,0.029745938,102
기독병원뒤공영주차장,37.4708464,126.6326953,0.197870453,0.494791667,0.723781388,0.017653751,25
내동공영주차장,37.472221,126.6270319,0.197870453,0.101851852,0.973412112,0.029745938,59
노인복지회관앞공영주차장,37.4674203,126.6337607,0.197870453,0.101851852,0.378138848,0.080895468,10
누들플랫폼공영주차장,37.4725381,126.6235252,0.197870453,0.081439394,0.64549483,0.029745938,27
눈돌마을,37.49272936,126.4845079,0.197870453,0.035511364,0,0.26074744,57
도 원 역,37.46703827,126.6415384,0.197870453,0.115885417,0.373707533,0.021333371,60
도산로21번길노상주차장,37.46827128,126.6385788,0.197870453,0.326388889,0.329394387,0.021333371,18
도산로22번길노상주차장,37.46682286,126.6375323,0.197870453,0.157986111,0.342688331,0.021333371,6
도산로노상주차장,37.46799259,126.6370202,0.197870453,0.157986111,0.355982275,0.021333371,3
도원로10번길제1노상주차장,37.4655985,126.6366882,0.197870453,0.191666667,0.329394387,0.080895468,8
도원로10번길제2노상주차장,37.46637847,126.6383528,0.197870453,0.133928571,0.345642541,0.021333371,6
도원로14번길노상주차장,37.46553162,126.6372085,0.197870453,0.191666667,0.314623338,0.080895468,6
도원로20번길노상주차장,37.46578078,126.6373655,0.197870453,0.157986111,0.339734121,0.080895468,9
도원로26번길노상주차장,37.46559035,126.6384956,0.197870453,0.133928571,0.339734121,0.021333371,16
도원로45번길노상주차장,37.46892658,126.6371966,0.197870453,0.494791667,0.35155096,0.021333371,8
도원로56번길노상주차장,37.46914317,126.6384887,0.197870453,0.326388889,0.388478582,0.021333371,6
도원로제1노상주차장,37.46660835,126.6369229,0.197870453,0.157986111,0.364844904,0.080895468,43
도원로제2노상주차장,37.4700272,126.6388281,0.197870453,0.157986111,0.370753323,0.017653751,86
도원서길노상주차장,37.4704239,126.6377365,0.197870453,0.2421875,0.457902511,0.017653751,9
도원서길제2노상주차장,37.46842419,126.6367333,0.197870453,0.494791667,0.366322009,0.017653751,5
동 인 천,37.47370482,126.6323078,0.197870453,0.494791667,0.76661743,0.029745938,75
동인천삼치거리공영주차장,37.47507754,126.6287196,0.197870453,0.494791667,0.747415066,0.04020898,40
동화마을공영주차장,37.47902422,126.6186244,0.197870453,0.2421875,0.17872969,0.029745938,100
라이언경로당앞공영주차장,37.47809317,126.6149164,0.197870453,0.2421875,0.147710487,0.043045939,16
매소홀로노상주차장,37.46509549,126.6360214,0.197870453,0.191666667,0.307237814,0.080895468,44
무의(광명항) 공영주차장,37.37915292,126.4329017,0.197870453,1,0,0.02807466,180
미산우드공영주차장,37.45058625,126.6004817,0.197870453,0.2421875,0.109305761,0.029745938,19
민방위교육장앞공영주차장,37.46812412,126.6288399,0.197870453,0.101851852,0.534711965,0.029745938,6
백 령 골,37.501174,126.489331,0.197870453,0.494791667,0,0.26074744,29
백 령 길,37.496994,126.4902743,0.197870453,0.115885417,0,0.26074744,20
보각선원아래공영주차장,37.46890033,126.6407154,0.197870453,0.2421875,0.373707533,0.021333371,12
보건환경연구원뒤공영주차장,37.46836472,126.6338126,0.197870453,0.101851852,0.429837518,0.080895468,22
서해대로209번길제1노상주차장,37.44800115,126.622109,0.197870453,0.326388889,0.010339734,0.029745938,28
서해대로30번길노상주차장,37.43303678,126.6197392,0.197870453,0.326388889,0.005908419,0.080895468,46
서해대로449번길노상주차장,37.4664395,126.6335959,0.197870453,0.073784722,0.311669129,0.080895468,5
서해대로449번길제2노상주차장,37.46662097,126.6340065,0.197870453,0.073784722,0.332348597,0.080895468,5
서해대로464번길,37.46770767,126.6357827,0.197870453,0.090625,0.336779911,0.080895468,5
서해대로483번길노상주차장,37.47216051,126.6340563,0.197870453,0.494791667,0.644017725,0.04020898,25
서해대로494번길노상주차장,37.46935734,126.6366383,0.197870453,0.494791667,0.457902511,0.017653751,10
서해대로497번길노상주차장,37.47070157,126.6366137,0.197870453,0.2421875,0.429837518,0.017653751,5
서해대로500번길노상주차장,37.47032492,126.6371898,0.197870453,0.2421875,0.481536189,0.017653751,16
서해대로제1노상주차장,37.44218438,126.61728,0.197870453,1,0.00295421,0.029745938,46
서해대로제3노상주차장,37.44442351,126.6222218,0.197870453,1,0.00295421,0.080895468,17
서해대로제3노상주차장,37.44307764,126.6231146,0.197870453,1,0.00295421,0.080895468,47
성공회아래공영주차장,37.47353416,126.6277612,0.197870453,0.494791667,0.967503693,0.04020898,15
신포동공영주차장,37.4705883,126.6237378,0.197870453,0.090625,0.621861152,0.029745938,71
신포로15번길제1노상주차장,37.47232356,126.6206165,0.197870453,0.067307692,0.509601182,0.029745938,19
신포로15번길제2노상주차장,37.47248808,126.6224741,0.197870453,0.073784722,0.58493353,0.029745938,22
신포로23번길제1노상주차장,37.47205911,126.6224446,0.197870453,0.073784722,0.58788774,0.029745938,26
신포로35번길노상주차장,37.47318976,126.6232574,0.197870453,0.073784722,0.64254062,0.029745938,14
신포로35번길제2노상주차장,37.47427289,126.6216015,0.197870453,0.067307692,0.446085672,0.029745938,13
신포로35번길제3노상주차장,37.47249269,126.6250516,0.197870453,0.081439394,0.778434269,0.029745938,3
신포로35번길제4노상주차장,37.47329178,126.6236051,0.197870453,0.073784722,0.635155096,0.029745938,19
신포로39번길노상주차장,37.4728737,126.6247332,0.197870453,0.081439394,0.765140325,0.029745938,9
신포로노상주차장,37.47464348,126.6270758,0.197870453,0.2421875,0.762186115,0.04020898,10
신포제2공영주차장,37.47076338,126.6275291,0.197870453,0.101851852,0.864106352,0.029745938,37
신흥시장공영주차장,37.4667021,126.635689,0.197870453,0.090625,0.332348597,0.080895468,39
신흥시장제2공영주차장,37.4661154,126.6365978,0.197870453,0.191666667,0.369276219,0.080895468,14
연안부두로128번길노상주차장,37.44904199,126.5936473,0.197870453,1,0.016248154,0.029745938,59
연안부두로148번길제2노상주차장,37.44713399,126.5963744,0.197870453,1,0.016248154,0.029745938,26
연안부두로75번길노상주차장,37.45267739,126.5986095,0.197870453,0.2421875,0.066469719,0.029745938,32
연안부두로제2노상주차장,37.44936976,126.5978044,0.197870453,1,0.025110783,0.029745938,70
연안초등학교뒷길 노상주차장,37.45368797,126.6076275,0.197870453,1,0.144756278,0.029745938,11
영종역일원(노상) 공영주차장,37.510818,126.5241062,0.197870453,0.494791667,0.026587888,0.135317332,103
왕산 공영주차장,37.45590978,126.3715102,0.197870453,0.326388889,0.035450517,0.02807466,186
용동공영주차장,37.47346239,126.6305391,0.197870453,0.494791667,0.822747415,0.04020898,49
우현로20번길노상주차장,37.46821127,126.6282965,0.197870453,0.073784722,0.531757755,0.029745938,12
운 서 1,37.494173,126.491607,0.197870453,0.115885417,0,0.26074744,41
운 서 역,37.4928447,126.4936663,0.197870453,0.133928571,0,0.26074744,1038
월 미 도,37.47601326,126.6017497,0.197870453,0.191666667,0.087149188,0.043045939,127
월미도1공영주차장,37.4751514,126.601951,0.197870453,0.191666667,0.104874446,0.043045939,24
월미도2공영주차장,37.47541558,126.6016908,0.197870453,0.191666667,0.094534712,0.043045939,39
월미도3공영주차장,37.47525477,126.601345,0.197870453,0.191666667,0.101920236,0.043045939,61
월미도4공영주차장,37.4749436,126.6016875,0.197870453,0.191666667,0.113737075,0.043045939,20
월미도무료공영주차장,37.4766206,126.6004132,0.197870453,0.191666667,0.094534712,0.043045939,16
월미도제2공영주차장,37.47743131,126.5985286,0.197870453,0.191666667,0.091580502,0.043045939,136
월미로50번길노상주차장,37.46788014,126.6053151,0.197870453,0.494791667,0.019202363,0.043045939,13
월미로50번길제2노상주차장,37.47855672,126.6156014,0.197870453,0.2421875,0.128508124,0.043045939,21
월미로제3노상주차장,37.47147168,126.5962888,0.197870453,0.494791667,0.062038405,0.043045939,23
월미로제4노상주차장,37.47014308,126.6002711,0.197870453,0.191666667,0.050221566,0.043045939,86
율목공원제1공영주차장,37.4694662,126.6338658,0.197870453,0.133928571,0.509601182,0.017653751,3
율목공원제3공영주차장,37.4697452,126.6340058,0.197870453,0.133928571,0.531757755,0.017653751,4
율목공원제4공영주차장,37.470046,126.6340621,0.197870453,0.133928571,0.561299852,0.017653751,2
율목동공영주차장,37.46887503,126.6355274,0.197870453,0.494791667,0.456425406,0.017653751,21
율목동주민센터뒤공영주차장,37.46974989,126.6353749,0.197870453,0.494791667,0.496307238,0.017653751,3
율목로,37.4683036,126.6350247,0.197870453,0.133928571,0.422451994,0.080895468,11
율목로8번길노상주차장,37.46930778,126.6345902,0.197870453,0.133928571,0.488921713,0.017653751,15
율목로제1노상주차장,37.46909134,126.6333614,0.197870453,0.101851852,0.494830133,0.017653751,13
율목로제2노상주차장,37.47117766,126.6320715,0.197870453,0.494791667,0.82717873,0.017653751,28
은 골 1,37.4963519,126.4917032,0.197870453,0.115885417,0,0.26074744,29
을왕리 공영주차장,37.44476466,126.3749195,0.197870453,0.326388889,0.11225997,0.02807466,138
인중로144번길노상주차장,37.46689738,126.6278829,0.197870453,0.115885417,0.369276219,0.029745938,23
인중로42번길노상주차장,37.46474104,126.6391384,0.197870453,0.157986111,0.330871492,0.080895468,13
인중로50번길노상주차장,37.46511108,126.6387523,0.197870453,0.157986111,0.327917282,0.080895468,2
인하대병원사거리공영주차장,37.45998591,126.6374975,0.197870453,0.027006173,0.159527326,0.080895468,101
자유공원공영주차장,37.47420666,126.6234332,0.197870453,0.067307692,0.610044313,0.029745938,35
자유공원남로노상주차장,37.47408104,126.6213401,0.197870453,0.067307692,0.444608567,0.029745938,3
자유공원로노상주차장,37.47571123,126.6296707,0.197870453,0.494791667,0.750369276,0.04020898,18
자유공원서로37번길제1노상주차장,37.47823185,126.6187822,0.197870453,0.191666667,0.212703102,0.043045939,10
자유공원서로37번길제2노상주차장,37.47798202,126.6195432,0.197870453,0.191666667,0.209748892,0.043045939,16
자유공원서로노상주차장,37.47787232,126.6235505,0.197870453,0.061755952,0.174298375,0.04020898,5
자유공원서로제2노상주차장,37.4745162,126.6232948,0.197870453,0.067307692,0.612998523,0.029745938,35
전동공영주차장,37.47590775,126.6268389,0.197870453,0.494791667,0.574593796,0.04020898,70
전동그린맨션뒤공영주차장,37.4788123,126.6266091,0.197870453,0.049019608,0.215657312,0.04020898,10
정보산업고뒤제1공영주차장,37.47034893,126.6359454,0.197870453,0.2421875,0.435745938,0.017653751,9
정보산업고뒤제2공영주차장,37.4703278,126.6354643,0.197870453,0.494791667,0.496307238,0.017653751,4
제물량길공영주차장,37.47827333,126.6193518,0.197870453,0.191666667,0.187592319,0.043045939,5
제물량로108번길노상주차장,37.46979113,126.6323993,0.197870453,0.101851852,0.626292467,0.017653751,4
제물량로113번길제1노상주차장,37.46733171,126.630666,0.197870453,0.101851852,0.29689808,0.080895468,6
제물량로113번길제2노상주차장,37.46766155,126.6302168,0.197870453,0.101851852,0.361890694,0.080895468,5
제물량로232번안길노상주차장,37.47248658,126.6217795,0.197870453,0.073784722,0.542097489,0.029745938,9
제물량로241번길노상주차장,37.47366391,126.6171594,0.197870453,0.133928571,0.240768095,0.029745938,46
제물량로95번길노상주차장,37.46736843,126.6321444,0.197870453,0.101851852,0.35450517,0.080895468,5
제물량로제1노상주차장,37.48009974,126.6202154,0.197870453,0.101851852,0.129985229,0.043045939,30
제물량로제1노상주차장,37.47173179,126.6215193,0.197870453,0.073784722,0.546528804,0.029745938,18
제물량로제2노상주차장,37.47996879,126.6198407,0.197870453,0.326388889,0.135893648,0.043045939,95
차이나타운공영주차장,37.47605364,126.6183546,0.197870453,0.115885417,0.259970458,0.043045939,186
차이나타운로20번길노상주차장,37.47790615,126.6183678,0.197870453,0.191666667,0.215657312,0.043045939,9
차이나타운로26번길노상주차장,37.47693012,126.6185718,0.197870453,0.191666667,0.23929099,0.043045939,5
참외전로13번길노상주차장,37.48030713,126.6208248,0.197870453,0.115885417,0.109305761,0.043045939,5
참외전로13번길제2노상주차장,37.47962668,126.6207936,0.197870453,0.101851852,0.135893648,0.043045939,8
참외전로244번길제1노상주차장,37.46672574,126.6387717,0.197870453,0.133928571,0.387001477,0.021333371,14
참외전로244번길제2노상주차장,37.46868666,126.6400599,0.197870453,0.326388889,0.395864106,0.021333371,21
참외전로27번길노상주차장,37.48007965,126.6218164,0.197870453,0.081439394,0.11816839,0.043045939,14
참외전로33번길노상주차장,37.48059047,126.6237765,0.197870453,0.042763158,0.129985229,0.043045939,5
참외전로37번길노상주차장,37.48039099,126.6245147,0.197870453,0.045717593,0.147710487,0.043045939,10
참외전로45번길노상주차장,37.4801593,126.6253253,0.197870453,0.042763158,0.149187592,0.043045939,6
참외전로56번길노상주차장,37.4789068,126.6269992,0.197870453,0.049019608,0.224519941,0.04020898,4
참외전로59번길노상주차장,37.48069717,126.6210761,0.197870453,0.025669643,0.090103397,0.043045939,38
참외전로72번길제1노상주차장,37.47721729,126.6291077,0.197870453,0.191666667,0.490398818,0.04020898,6
참외전로72번길제2노상주차장,37.4783688,126.627826,0.197870453,0.049019608,0.311669129,0.04020898,4
참외전로제1노상주차장,37.47955473,126.6222125,0.197870453,0.081439394,0.107828656,0.043045939,11
초롱공원길,37.4995214,126.4892182,0.197870453,0.494791667,0,0.26074744,19
축항대로296번길노상주차장,37.43169473,126.6238225,0.197870453,1,0.005908419,0.080895468,7
축항대로86번길노상주차장,37.4504837,126.6043008,0.197870453,1,0.106351551,0.029745938,43
축항대로86번길제2노상주차장,37.45579478,126.6071599,0.197870453,1,0.135893648,0.029745938,15
축항대로86번길제3노상주차장,37.45636214,126.6065376,0.197870453,1,0.134416544,0.029745938,11
축항대로제1노상주차장,37.45989456,126.6082508,0.197870453,1,0.014771049,0.029745938,78
축항대로제2노상주차장,37.45758397,126.6043972,0.197870453,0.494791667,0.078286558,0.029745938,50
한중문화관공영주차장,37.4731039,126.61904,0.197870453,0.067307692,0.34859675,0.029745938,109
해광사위공영주차장,37.46880798,126.6328979,0.197870453,0.101851852,0.512555391,0.080895468,8
해양광장공영주차장,37.45549582,126.6018268,0.197870453,0.2421875,0.143279173,0.029745938,220
햇살마트앞공영주차장,37.46631591,126.6378074,0.197870453,0.157986111,0.347119645,0.021333371,10
홍예문인근공영주차장,37.473838,126.625719,0.197870453,0.081439394,0.852289513,0.029745938,32
